{"cameraMode":{"drawMode":0,"name":"Shaded","section":"Shading Mode"},"sceneLighting":false,"audioPlay":false,"sceneViewState":{"showFog":false,"showMaterialUpdate":false,"showSkybox":false,"showFlares":false,"showImageEffects":false,"showParticleSystems":false},"in2DMode":false,"pivot":{"x":109.91382598876953,"y":-66.49011993408203,"z":-49.789215087890628},"rotation":{"x":-0.4712626338005066,"y":-0.1463601142168045,"z":0.07963646948337555,"w":-0.8661172986030579},"size":49.898834228515628,"orthographic":false}